,sequence,symbol,effect_x,effect_y
0,AAAGCGGTTGAACCAAAGCGCGG,SPATA5,4.5,-8.0
1,AAGGGGGCGTGGCTATGCAGCGG,SWI5,0.5,8.0
2,AGACATGGCGGCCTCCACCGCGG,CRNKL1,-3.0,-8.0
3,AGCAGCGTCTGAGCACCAGTCGG,ZNF830,1.5,-6.0
4,AGTGCGATCGATTCAGCCCGAGG,AASDHPPT,-4.5,-8.0
5,ATGTGGTTCGAGATTCTCCCCGG,NDUFA1,4.0,-7.0
6,ATTCTTCTCACAAAAGCAACCGG,SLIRP,-7.5,-2.0
7,CCACCCAGCGAAAATTGCGGAGG,FPGT-TNNI3K,4.0,1.0
8,CCACTCCCCGAGAAGACTTTCGG,NSL1,-6.0,5.0
9,CCATGTTCCGGGCTACGCTGCGG,MRPL49,4.5,-7.0
10,CCTCCCAATAGGATTCAAGAGGG,MPHOSPH10,7.0,-7.0
11,CGTCATGCCTAAGTATTATGAGG,COA5,2.5,1.0
12,GACCCTCTGGATTCTAAGCGTGG,COA3,-2.0,-3.0
13,GAGATGCGAGTTGAGCCGGTGGG,CAV2,9.0,-2.0
14,GAGGCTTCGATGGTTCAAAGGGG,HIGD2A,-2.5,-1.0
15,GCCGTCTTCTGCCGGCCGCAAGG,RPAP2,5.0,7.0
16,GCGCAGGGTTTGAAACATGGCGG,LSM3,-3.0,-7.0
17,GCGTAGAAGTATCAATCAGCCGG,SLIRP,7.5,-7.0
18,GCTGGCGGATGGAAGCTACGCGG,FAM104A,0.5,5.0
19,GGAATATTATCGCAAGCCAGTGG,MRPS7,-1.5,-7.0
20,GGACCTGTCTGATCTGCGAGCGG,ALKBH4,4.0,0.0
21,GGAGAGCAGAGTCAACACGGAGG,ERCC8,3.0,4.0
22,GGAGGAAATGCGGAGCCGCGTGG,POLR1C,0.0,-9.0
23,GGCTACCATGTTCTCTCGCGCGG,ATP5C1,4.5,-6.0
24,GGGGTGTGTGTCTAACCTAATGG,PSMD10,4.0,0.0
25,GGGTGTCATGTCAGACAACGAGG,POLR2F,-3.5,-5.0
26,GGTTGCTTTCCAAAATGGCGCGG,MCEE,3.0,0.0
27,GTAGAGGTGGACATGGCGTGCGG,RARS2,4.5,-8.0
28,TAAACGCCTCCGGAGCGACGCGG,SLC7A6OS,6.5,-8.0
29,TAGTACCCGGACGAGTTATGCGG,SCO1,-1.0,-4.0
30,TCAGCTTGTTCGATACCAGCCGG,F8A1,1.5,-7.0
31,TCAGCTTGTTCGATACCAGCCGG,F8A2,1.5,-7.0
32,TCAGCTTGTTCGATACCAGCCGG,F8A3,1.5,-7.0
33,TCTCCCGACCATATAAGGAGAGG,PTGES3L,0.5,1.0
34,TCTCGGGGTCGGCGTACTCGAGG,CAV2,-0.5,1.0
35,TGAGCAGCAGAGACACTGGGAGG,C11orf1,5.5,4.0
36,TGGGCGTCATGAATAACATGCGG,KLHL7,-1.0,-1.0
37,TTCACTGCCAGTTCTCCGCGTGG,CDC123,-2.0,-9.0
