sequence,effect
GCAGCATCCCAACCAGGTGGAGG,2
GCGGGAGTGAGAGGACTGGGCGG,9
ATGACTCTCATACTCCACGAAGG,8
GAGTCATCGAGCAGCTGCCATGG,8
AGTCACCCTAGCAAAACCAGTGG,3
GATCCCACCACAACCTACCTTGG,6
GGTGTTACCTCTAACAGAAGGGG,3
GCTTTGGAGGTGTGAAAGGGTGG,9
GGAGCGAGTTTAATTCCTTGGGG,3
ATAAACTTGGCCCAAAGAGTAGG,-6
GGTGTCAGAAGAACACGAAGAGG,9
CCAGCCAGCCCCAACCTCGGAGG,-4
GAGGCTGGGAGACTTTGTGATGG,-8
GGAGCGCCCTCAGAAACCCAAGG,5
TAAGAAGCGGACCACAGTGATGG,0
AAACTCACCAACTCATTCAGGGG,7
AAGCCTGTGAATCTTCACCGTGG,7
CATGAGACATGGGCTCAAGGTGG,8
GAGCCGCTGTGACTCGCAGGTGG,-5
ACTGCATCTGTGCAAACGGGCGG,2
AACAAACCTTCTGAACGGAGGGG,-2
AATGCTGGGCACCTACACTGTGG,5
AGTGCTGCCGAAGTTTAAGGTGG,5
GAAGGTCAGTGAGAGAGAGAAGG,-9
GCAGCCTGAGGGAGTCCTGGTGG,-7
GGTCTGGTGCAGATGCCCAGTGG,-6
GAAGGCAGGGCTGCTGACGGAGG,-4
GCAGGAAACCAGCTCCCCAGTGG,4
GGGGTGTCAAGGTGGGGCAGGGG,-8
GCGGAACCTGACCAACGTGCTGG,5
CTGATGAAAGGGCTTCCGGGTGG,2
GCCGCGTACCAGTCGGCCAGGGG,7
GTGTGGAACAAGAAGAGCCAGGG,8
GCAGCCGCAGCAGGAGGTCGGGG,7
GAGTGGGGCCGTGGGAGGGTGGG,2
GGATTCGGGGTGAGTTCTGGCGG,9
GAAGTGAGATGCCCAGGTGCCGG,-4
GGAGAGCACGGGCAGCAGGTAGG,0
GGAGGGCTTCCAGCCCCTGGTGG,-4
GCAGCCTTTTCATATCCAAAGGG,2
GAACAGGAGACCAAATGGGGTGG,1
TGAAAGAAGGCAAACAGAAGAGG,0
GGAGTTTGAGGGCATCGGTGTGG,9
CAGAGAAGAGGACATGCGGAAGG,3
GCCACGTCTGTGGCTCAGGAGGG,-8
GATTTATCCTGAGTGGCCTGTGG,-4
AAGAACACCACAGGCCACTCAGG,-5
GTTGTCTATTGCTGACAGGAAGG,4
AGGGTGACTTGACCCCGAGGCGG,2
GCAGGCCACAGCCAAGACAGAGG,-9
GCCATGGTCCAGCCTTCCAGGGG,-3
GCAGCCGGTGCTTCAGGGAGGGG,-3
GCTGCTCTCAGCTTCACCCGTGG,-2
GGTGAGGGAAAGGGGTGCGTTGG,4
GGATGGAAAGTGATGAGCTGGGG,-5
GGCCCATCGACAGAGTGCCAGGG,8
GGGGAACAGGGACCCATGGAGGG,-7
GCCAAACTTACAGACAGATGGGG,-6
GCAGATGGACCGCTTCCGGGCGG,7
GAATCGCAGATGTCCCCGAGTGG,7
GATGAGAACATGATGAACAGTGG,-1
GCAGAATCAACCCCAAGACCGGG,-5
GCATCGTCATGCTTGGCCGGAGG,0
GCTGCCGAACCGCACCCCGTTGG,5
CCAGTATAACAAGTACAGGGAGG,9
AGGCTGGAAGGCGTGCCCGGAGG,7
AATATGACTCAACGGACCAATGG,-1
GCAGAGTTCTGGAAATTCAGTGG,-8
GGGTTGTTTTACATCCATGGTGG,0
AGGAGCCATGGAGAATGATGTGG,5
TGAGGATCCCCACAATCAGAAGG,7
GCCTCTCCCAGATAACGTTGAGG,-6
AAGTCTGAAGCACTAAGAAGGGG,-5
CCACGCACCAGCCTCCACCATGG,7
GGTATTTCTGGAGATAGTGCAGG,4
GGTGTGAACCCTGAGAGAATCGG,2
GTACAGCGATTTTCTTCCCATGG,2
GTTATGACTTGCTGTCAAGATGG,-1
AAAGAAAGTCAGAAACCCGAAGG,8
AAAGAAAGTCAGAAACCCGAAGG,8
CATTGCGGGAGACAGTTCTGGGG,1
CATTGCGGGAGACAGTTCTGGGG,1
AAGCTGGAAAATAATGGCCTTGG,-4
AAGCTGGAAAATAATGGCCTTGG,-4
TGACTTCCTGAATAGATGGACGG,-1
TGACTTCCTGAATAGATGGACGG,-1
TGAGCAGGAAAGTGGTGTTGAGG,1
TGAGCAGGAAAGTGGTGTTGAGG,1
TCCCGCAATGCAGATTCGGGTGG,-3
TCCCGCAATGCAGATTCGGGTGG,-3
AGTTTTAGCGATGGCATCCAAGG,4
AGTTTTAGCGATGGCATCCAAGG,4
AATATATCACAGCTCGCCTTCGG,-3
AATATATCACAGCTCGCCTTCGG,-3
TGATGCTGTTGTTGTAGGCGTGG,9
TGATGCTGTTGTTGTAGGCGTGG,9
AGGCCATCTTCAAACTGAGCAGG,-4
AGGCCATCTTCAAACTGAGCAGG,-4
ACAAACGAGAGCATATGCCATGG,0
TCTGCGGTGACAGTTTCGGAGGG,0