sequence,effect
GGATGCCCCCAACAAATAATCGG,-3.0
GGAATCAAATCACAAATCCGGGG,-1.0
GCAGATAAAACCAAAAACCGAGG,-7.0
GGTGCAGCATCCCAACCAGGTGG,1.0
ACTCCACGAAGGCAAAGCCTCGG,-1.0
GATGCTGCACCCCCTGAAAGGGG,8.0
AAGCCTGTGAATCTTCACCGTGG,0.0
TTACTCATATAGGATCCCAAAGG,-9.0
GGATATGTACAGCTTCCTAGAGG,-8.0
ACTGTCTGAGTATGGCCACAGGG,7.0
GCTTTCTGTGAGAAATTCAGTGG,-6.0
GCTTCCTTGGAGTCTGTCAGGGG,9.0
ACAAACCTCTCTACACCCCAGGG,0.0
GCAGACAGTTACTCACAGAGCGG,1.0
ATAGCAACAGGATTGCACAGTGG,-1.0
AGTGCTGCCGAAGTTTAAGGTGG,6.0
AGAAATGTAGATATTCTGAGTGG,-5.0
GCATTGCCTCTGGTGCCAGTTGG,9.0
GTCCCGGGCCCAGCGCCACGCGG,9.0
AGTGAGATGCCCAGGTGCCGGGG,9.0
